{"N0": 100000, "gens_per_bottle": 5, "total_gens": 300, "reps": 100, "Ub": 3.1622776601683795e-05, "\u03c4": 1, "\u03b1": 1, "\u03b2": 0.03162277660168379}